{
  "parent": "item/generated",
  "textures": {
    "layer0": "item/baked_potato"
  },
  "overrides": [
    {
      "predicate": {
        "eating": 1,
        "eat": 0.0
      },
      "model": "eg_tasty_items:item/baked_potato/eat_0"
    },
    {
      "predicate": {
        "eating": 1,
        "eat": 0.3
      },
      "model": "eg_tasty_items:item/baked_potato/eat_1"
    },
    {
      "predicate": {
        "eating": 1,
        "eat": 0.43333
      },
      "model": "eg_tasty_items:item/baked_potato/eat_2"
    },
    {
      "predicate": {
        "eating": 1,
        "eat": 0.56666
      },
      "model": "eg_tasty_items:item/baked_potato/eat_3"
    },
    {
      "predicate": {
        "eating": 1,
        "eat": 0.7
      },
      "model": "eg_tasty_items:item/baked_potato/eat_4"
    },
    {
      "predicate": {
        "eating": 1,
        "eat": 0.83333
      },
      "model": "eg_tasty_items:item/baked_potato/eat_5"
    },
    {
      "predicate": {
        "eating": 1,
        "eat": 0.96666
      },
      "model": "eg_tasty_items:item/baked_potato/eat_6"
    }
  ]
}