{
  "parent": "minecraft:item/generated",
  "textures": {
    "layer0": "minecraft:item/dried_kelp"
  },
  "overrides": [
    {
      "predicate": {
        "eating": 1,
        "eat": 0.0
      },
      "model": "eg_tasty_items:item/dried_kelp/eat_0"
    },
    {
      "predicate": {
        "eating": 1,
        "eat": 0.16666
      },
      "model": "eg_tasty_items:item/dried_kelp/eat_1"
    },
    {
      "predicate": {
        "eating": 1,
        "eat": 0.3
      },
      "model": "eg_tasty_items:item/dried_kelp/eat_2"
    },
    {
      "predicate": {
        "eating": 1,
        "eat": 0.43333
      },
      "model": "eg_tasty_items:item/dried_kelp/eat_3"
    }
  ]
}