{
  "parent": "item/generated",
  "textures": {
    "layer0": "item/honey_bottle"
  },
  "overrides": [
    {
      "predicate": {
        "eating": 1,
        "eat": 0.0
      },
      "model": "eg_tasty_items:item/honey_bottle/rotated_to_mouth"
    },
    {
      "predicate": {
        "eating": 1,
        "eat": 0.43333
      },
      "model": "eg_tasty_items:item/honey_bottle/eat_1"
    },
    {
      "predicate": {
        "eating": 1,
        "eat": 0.56666
      },
      "model": "eg_tasty_items:item/honey_bottle/eat_2"
    },
    {
      "predicate": {
        "eating": 1,
        "eat": 0.7
      },
      "model": "eg_tasty_items:item/honey_bottle/eat_3"
    },
    {
      "predicate": {
        "eating": 1,
        "eat": 0.83333
      },
      "model": "eg_tasty_items:item/honey_bottle/eat_4"
    },
    {
      "predicate": {
        "eating": 1,
        "eat": 0.96666
      },
      "model": "eg_tasty_items:item/honey_bottle/eat_5"
    },
    {
      "predicate": {
        "eating": 1,
        "eat": 1.0
      },
      "model": "eg_tasty_items:item/honey_bottle/eat_6"
    },
    {
      "predicate": {
        "eating": 1,
        "eat": 1.13333
      },
      "model": "eg_tasty_items:item/honey_bottle/eat_7"
    }
  ]
}