{
  "parent": "item/generated",
  "textures": {
    "layer0": "item/potion_overlay",
    "layer1": "item/potion"
  },
  "overrides": [
    {
      "predicate": {
        "drinking": 1,
        "drink": 0.0
      },
      "model": "eg_tasty_items:item/potion/eat_0"
    },
    {
      "predicate": {
        "drinking": 1,
        "drink": 0.3
      },
      "model": "eg_tasty_items:item/potion/eat_1"
    },
    {
      "predicate": {
        "drinking": 1,
        "drink": 0.43333
      },
      "model": "eg_tasty_items:item/potion/eat_2"
    },
    {
      "predicate": {
        "drinking": 1,
        "drink": 0.56666
      },
      "model": "eg_tasty_items:item/potion/eat_3"
    },
    {
      "predicate": {
        "drinking": 1,
        "drink": 0.7
      },
      "model": "eg_tasty_items:item/potion/eat_4"
    },
    {
      "predicate": {
        "drinking": 1,
        "drink": 0.83333
      },
      "model": "eg_tasty_items:item/potion/eat_5"
    },
    {
      "predicate": {
        "drinking": 1,
        "drink": 0.96666
      },
      "model": "eg_tasty_items:item/potion/eat_6"
    },
    {
      "predicate": {
        "drinking": 1,
        "drink": 1.06666
      },
      "model": "eg_tasty_items:item/potion/eat_7"
    }
  ]
}