{
  "credit": "Made by Enchanted Games (https://enchanted.games)",
  "parent": "item/generated",
  "display": {
    "thirdperson_righthand": {
      "rotation": [17.88, 47.06, -12.18],
      "translation": [-0.5, 2.5, 2],
      "scale": [0.55, 0.55, 0.55]
    },
    "thirdperson_lefthand": {
      "rotation": [-162.36, -47.22, -168.9],
      "translation": [-0.5, 2.5, 2],
      "scale": [0.55, 0.55, 0.55]
    },
    "firstperson_righthand": {
      "rotation": [-69.2, -74.15, -9.95],
      "translation": [2.13, 4.2, 5.75],
      "scale": [0.68, 0.68, 0.68]
    },
    "firstperson_lefthand": {
      "rotation": [-69.2, 105.85, 9.95],
      "translation": [2.13, 4.2, 5.75],
      "scale": [0.68, 0.68, 0.68]
    }
  }
}
