{
  "credit": "Made by Enchanted Games (https://enchanted.games)",
  "parent": "item/generated",
  "display": {
    "thirdperson_righthand": {
      "rotation": [17.88, 47.06, -12.18],
      "translation": [-0.5, 2.5, 2],
      "scale": [0.55, 0.55, 0.55]
    },
    "thirdperson_lefthand": {
      "rotation": [-162.36, -47.22, -168.9],
      "translation": [-0.5, 2.5, 2],
      "scale": [0.55, 0.55, 0.55]
    },
    "firstperson_righthand": {
      "rotation": [-94.35, -76.07, -63],
      "translation": [0.88, 3.2, 6.88],
      "scale": [0.68, 0.68, 0.68]
    },
    "firstperson_lefthand": {
      "rotation": [-94.35, 103.93, 63],
      "translation": [0.88, 3.2, 6.88],
      "scale": [0.68, 0.68, 0.68]
    }
  }
}
